,accuracy,precision@1,precision@3,precision@5,precision@10,precision@30,MAP
count,30.0,30.0,30.0,30.0,30.0,30.0,30.0
mean,0.9940640564785128,0.9940640564785128,0.9940640564785128,0.9940640564785128,0.9940640564785128,0.9940640564785128,0.9941955314429601
std,0.010417278727950218,0.010417278727950218,0.010417278727950218,0.010417278727950218,0.010417278727950218,0.010417278727950218,0.010188306293091233
min,0.9726027397260274,0.9726027397260274,0.9726027397260274,0.9726027397260274,0.9726027397260274,0.9726027397260274,0.9730959080241124
25%,0.9897260273972602,0.9897260273972602,0.9897260273972602,0.9897260273972602,0.9897260273972602,0.9897260273972602,0.9899706457925636
50%,1.0,1.0,1.0,1.0,1.0,1.0,1.0
75%,1.0,1.0,1.0,1.0,1.0,1.0,1.0
max,1.0,1.0,1.0,1.0,1.0,1.0,1.0
