,accuracy,precision@1,precision@3,precision@5,precision@10,precision@30,MAP
count,30.0,30.0,30.0,30.0,30.0,30.0,30.0
mean,0.9734185518455879,0.9752137897413532,0.9806638206547033,0.98130129716136,0.9816209193241857,0.982460917351204,0.9780413805979176
std,0.009965790701842678,0.009994802106100865,0.007445111873179243,0.007271922320332612,0.007021382084674476,0.006645787463450176,0.008430948454844371
min,0.9536934950385888,0.9532019704433498,0.9693251533742331,0.9693251533742331,0.9693251533742331,0.9713340683572216,0.9621662527460292
25%,0.9664998586588636,0.9682903070540686,0.975093399750934,0.9758928412060067,0.9770030205894081,0.9779492833517089,0.971818648345495
50%,0.972483144799183,0.9749679906287457,0.9796044499381953,0.9796044499381953,0.9802224969097652,0.9825056112159261,0.9771538457743165
75%,0.9819156188456295,0.9821025091362506,0.9872594292565171,0.9872594292565171,0.9872594292565171,0.9873234022937051,0.9846510305065833
max,0.9910011248593926,0.9943757030371203,0.9943757030371203,0.9955005624296963,0.9955005624296963,0.9955005624296963,0.9946671971307588
