,accuracy,precision@1,precision@3,precision@5,precision@10,precision@30,MAP
count,30.0,30.0,30.0,30.0,30.0,30.0,30.0
mean,0.9582359974023883,0.9677003404380039,0.9896935863976942,0.9913399278611089,0.992217120843565,0.9983739837398374,0.9793680132111775
std,0.037262179250214,0.03056379357146544,0.014373940681470436,0.01248281897123063,0.012118653025722188,0.006188003212255187,0.017951294263043618
min,0.868421052631579,0.8936170212765957,0.9512195121951219,0.9722222222222222,0.9722222222222222,0.975609756097561,0.9468085106382979
25%,0.9291645044110016,0.95,0.9751524390243902,0.975609756097561,0.975609756097561,1.0,0.9623611111111112
50%,0.9632306725329982,0.9733285917496444,1.0,1.0,1.0,1.0,0.9767576911649516
75%,1.0,1.0,1.0,1.0,1.0,1.0,1.0
max,1.0,1.0,1.0,1.0,1.0,1.0,1.0
