,pair,precision@1,precision@3,precision@5,precision@10,precision@30,MAP
0,flickr-->lastfm,0.7510869565217392,0.7510869565217392,0.7510869565217392,0.7510869565217392,0.7510869565217392,0.7511548599235275
1,lastfm-->flickr,0.7793478260869565,0.7793478260869565,0.7793478260869565,0.7793478260869565,0.7804347826086957,0.779553130670057
