,precision@1,precision@3,precision@5,precision@10,precision@30,MAP
count,2.0,2.0,2.0,2.0,2.0,2.0
mean,0.7652173913043478,0.7652173913043478,0.7652173913043478,0.7652173913043478,0.7657608695652174,0.7653539952967923
std,0.019983452511793696,0.019983452511793696,0.019983452511793696,0.019983452511793696,0.020752046839170413,0.020080609818842615
min,0.7510869565217392,0.7510869565217392,0.7510869565217392,0.7510869565217392,0.7510869565217392,0.7511548599235275
25%,0.7581521739130436,0.7581521739130436,0.7581521739130436,0.7581521739130436,0.7584239130434783,0.7582544276101598
50%,0.7652173913043478,0.7652173913043478,0.7652173913043478,0.7652173913043478,0.7657608695652174,0.7653539952967923
75%,0.7722826086956521,0.7722826086956521,0.7722826086956521,0.7722826086956521,0.7730978260869565,0.7724535629834247
max,0.7793478260869565,0.7793478260869565,0.7793478260869565,0.7793478260869565,0.7804347826086957,0.779553130670057
