,accuracy,precision@1,precision@3,precision@5,precision@10,precision@30,MAP
count,30.0,30.0,30.0,30.0,30.0,30.0,30.0
mean,0.9985815602836879,0.9985815602836879,0.9985815602836879,0.9985815602836879,0.9985815602836879,0.9989361702127659,0.9986104796626104
std,0.005398045355371549,0.005398045355371549,0.005398045355371549,0.005398045355371549,0.005398045355371549,0.004282743616345203,0.0052881324967168335
min,0.9787234042553191,0.9787234042553191,0.9787234042553191,0.9787234042553191,0.9787234042553191,0.9787234042553191,0.9790089194961227
25%,1.0,1.0,1.0,1.0,1.0,1.0,1.0
50%,1.0,1.0,1.0,1.0,1.0,1.0,1.0
75%,1.0,1.0,1.0,1.0,1.0,1.0,1.0
max,1.0,1.0,1.0,1.0,1.0,1.0,1.0
