,accuracy,precision@1,precision@3,precision@5,precision@10,precision@30,MAP
count,30.0,30.0,30.0,30.0,30.0,30.0,30.0
mean,0.8986212625294999,0.9194760864528337,0.9633861529792962,0.9658116725698485,0.9692325067936856,0.9758908092130523,0.9421079126503121
std,0.04628983243982079,0.03790020274323028,0.021429734346261966,0.017884885857678286,0.017471316205480602,0.015582858865479842,0.02436614246795339
min,0.8021978021978022,0.8333333333333334,0.8888888888888888,0.9135802469135802,0.9259259259259259,0.9382716049382716,0.8985118664694918
25%,0.8687459599224305,0.8901960784313725,0.9556776556776557,0.9575392961468912,0.9629629629629629,0.9629629629629629,0.9209787336907526
50%,0.9,0.9257800432499228,0.9642806520198441,0.9647058823529412,0.967032967032967,0.9761871013465627,0.9472928455194907
75%,0.9346857991093518,0.9481364275668074,0.975609756097561,0.975609756097561,0.9763288447909284,0.9883720930232558,0.9628544261567766
max,0.975,0.9772727272727273,1.0,1.0,1.0,1.0,0.9832535885167464
