,accuracy,precision@1,precision@3,precision@5,precision@10,precision@30,MAP
count,30.0,30.0,30.0,30.0,30.0,30.0,30.0
mean,0.9393736635550792,0.9492918315402226,0.9804962236574927,0.9834614629659699,0.9856637527988568,0.9875357334751852,0.9655395638128624
std,0.0374245358244286,0.037566583993107805,0.011964628487513597,0.012292772636453094,0.012299366697873687,0.012884050638859631,0.022498223414752088
min,0.8656716417910447,0.8507462686567164,0.9552238805970149,0.9607843137254902,0.9607843137254902,0.9607843137254902,0.9014560128792956
25%,0.9166666666666666,0.9378188775510204,0.9772727272727273,0.9777777777777777,0.9787234042553191,0.9787234042553191,0.9569438521677327
50%,0.9416027280477408,0.9569842738205365,0.9791666666666666,0.9791666666666666,0.9795918367346939,0.9850613154960981,0.9698838042588044
75%,0.9727504638218923,0.9759122919334187,0.9840283939662822,1.0,1.0,1.0,0.9798937908496731
max,1.0,1.0,1.0,1.0,1.0,1.0,1.0
