,accuracy,precision@1,precision@3,precision@5,precision@10,precision@30,MAP
count,30.0,30.0,30.0,30.0,30.0,30.0,30.0
mean,0.8826407373578287,0.9118326581803726,0.9605990245698682,0.9651732809427206,0.9713186875118247,0.9783707126280202,0.9371921422752133
std,0.04860465004553966,0.044094086323065364,0.022323874910166266,0.022459728303215493,0.020697884586048765,0.018992170185746476,0.030208140296426815
min,0.7912087912087912,0.8089887640449438,0.9247311827956989,0.926829268292683,0.9354838709677419,0.9390243902439024,0.8792873307594099
25%,0.8500425411230856,0.8847008100339693,0.9418604651162791,0.947331740342493,0.9555394466594177,0.9584826762246117,0.9186602721631035
50%,0.8928571428571429,0.9206989247311828,0.9565166016778921,0.9610527631907977,0.9651162790697675,0.9824197120708749,0.9383095855640584
75%,0.9069767441860465,0.9451425356339085,0.9781238413051538,0.9883305298570227,0.988884678539851,0.9973118279569892,0.9575769784113441
max,0.963855421686747,0.9879518072289156,1.0,1.0,1.0,1.0,0.9939759036144579
