,accuracy,precision@1,precision@3,precision@5,precision@10,precision@30,MAP
count,30.0,30.0,30.0,30.0,30.0,30.0,30.0
mean,0.8785388464422383,0.9026701735901377,0.9628028395798921,0.969713241319104,0.9717044594421912,0.9799622823885332,0.9330009869527601
std,0.06656355594265623,0.05222335700130212,0.02876002356600872,0.022428850696775696,0.021738797937036924,0.018838712724230953,0.036890554679716345
min,0.7078651685393258,0.7865168539325843,0.8876404494382022,0.9213483146067416,0.9213483146067416,0.9325842696629213,0.8491168950281066
25%,0.8476190476190476,0.8815628815628815,0.9481806367771279,0.9512195121951219,0.9540229885057471,0.965710964742348,0.9151253244856719
50%,0.8875,0.9130132757023772,0.9615384615384616,0.9620253164556962,0.9746835443037974,0.9825597749648383,0.9365475093217415
75%,0.9209662288930581,0.9266034327009938,0.9876157407407407,0.9884866139547788,0.9884866139547788,1.0,0.9563771599777036
max,0.975,0.9873417721518988,1.0,1.0,1.0,1.0,0.9915611814345991
