,accuracy,precision@1,precision@3,precision@5,precision@10,precision@30,MAP
count,30.0,30.0,30.0,30.0,30.0,30.0,30.0
mean,0.9973199341694813,0.9973122252579797,0.9973122252579797,0.9973122252579797,0.9973122252579797,0.9976668351870577,0.9973608539666926
std,0.004954719334751414,0.004967691224840074,0.004967691224840074,0.004967691224840074,0.004967691224840074,0.004755764545733827,0.004880873342710767
min,0.9875,0.9875,0.9875,0.9875,0.9875,0.9875,0.9876524390243903
25%,1.0,1.0,1.0,1.0,1.0,1.0,1.0
50%,1.0,1.0,1.0,1.0,1.0,1.0,1.0
75%,1.0,1.0,1.0,1.0,1.0,1.0,1.0
max,1.0,1.0,1.0,1.0,1.0,1.0,1.0
