,pair,accuracy,precision@1,precision@3,precision@5,precision@10,precision@30,MAP
0,g0-->g1,0.9333333333333333,0.9333333333333333,1.0,1.0,1.0,1.0,0.9666666666666667
1,g1-->g0,0.8533333333333334,0.9066666666666666,1.0,1.0,1.0,1.0,0.951111111111111
