,accuracy,precision@1,precision@3,precision@5,precision@10,precision@30,MAP
count,2.0,2.0,2.0,2.0,2.0,2.0,2.0
mean,0.8933333333333333,0.9199999999999999,1.0,1.0,1.0,1.0,0.9588888888888889
std,0.056568542494923775,0.01885618083164131,0.0,0.0,0.0,0.0,0.010999438818457477
min,0.8533333333333334,0.9066666666666666,1.0,1.0,1.0,1.0,0.951111111111111
25%,0.8733333333333333,0.9133333333333333,1.0,1.0,1.0,1.0,0.955
50%,0.8933333333333333,0.9199999999999999,1.0,1.0,1.0,1.0,0.9588888888888889
75%,0.9133333333333333,0.9266666666666666,1.0,1.0,1.0,1.0,0.9627777777777777
max,0.9333333333333333,0.9333333333333333,1.0,1.0,1.0,1.0,0.9666666666666667
