,accuracy,precision@1,precision@3,precision@5,precision@10,precision@30,MAP
count,30.0,30.0,30.0,30.0,30.0,30.0,30.0
mean,0.9903359683794466,0.9888537549407114,0.9896113306982871,0.9896113306982871,0.9912779973649538,0.9959848484848485,0.9897987704914606
std,0.017830979776615782,0.017892525812857038,0.017866393867634535,0.017866393867634535,0.01630799091413307,0.01125628498853582,0.016740308943685254
min,0.95,0.95,0.95,0.95,0.95,0.95,0.9515877016129032
25%,0.9836956521739131,0.9775197628458497,0.9782608695652174,0.9782608695652174,0.9836956521739131,1.0,0.9794941471571906
50%,1.0,1.0,1.0,1.0,1.0,1.0,1.0
75%,1.0,1.0,1.0,1.0,1.0,1.0,1.0
max,1.0,1.0,1.0,1.0,1.0,1.0,1.0
