,accuracy,precision@1,precision@3,precision@5,precision@10,precision@30,MAP
count,30.0,30.0,30.0,30.0,30.0,30.0,30.0
mean,0.9304100440605488,0.9500028573317206,0.982525835669519,0.9857122332478531,0.9875766609549775,0.99268609830625,0.9667249861475234
std,0.03433648214947642,0.029451184312551913,0.015489513553428277,0.014173400581102311,0.012408870773087239,0.008763688334199105,0.019980968719761204
min,0.8651685393258427,0.8539325842696629,0.945054945054945,0.945054945054945,0.9560439560439561,0.9764705882352941,0.9017677256877179
25%,0.9054179566563467,0.9370421245421245,0.9745192307692307,0.9753676470588235,0.9775280898876404,0.9875,0.9593808565465543
50%,0.9258241758241759,0.9525280898876405,0.9881652661064426,0.9883705206220419,0.9886348960351286,1.0,0.9700185965459842
75%,0.9539464558191151,0.975,0.9894736842105263,1.0,1.0,1.0,0.9805626489615253
max,1.0,1.0,1.0,1.0,1.0,1.0,1.0
