,accuracy,precision@1,precision@3,precision@5,precision@10,precision@30,MAP
count,30.0,30.0,30.0,30.0,30.0,30.0,30.0
mean,0.9357230966470255,0.9371806426948102,0.9608624184351136,0.964360360821945,0.9678529782752366,0.9775453707889376,0.9505594892830709
std,0.04246303473574991,0.044483808304445614,0.023871945830698585,0.018801956488158925,0.019497442388521254,0.015326453696416173,0.030621969928310438
min,0.8333333333333334,0.8555555555555555,0.9,0.9305555555555556,0.9305555555555556,0.9523809523809523,0.8953441511284649
25%,0.9143518518518517,0.8953086419753086,0.9510582010582012,0.9541536050156739,0.9541536050156739,0.9614661654135339,0.9228162317558603
50%,0.9346465652112075,0.9577912477823773,0.9649014778325123,0.9649014778325123,0.9738550922761449,0.9818196004993758,0.9614310417160992
75%,0.9736842105263158,0.974025974025974,0.9746835443037974,0.9746835443037974,0.9777153558052434,0.9876543209876543,0.9750937613494421
max,1.0,1.0,1.0,1.0,1.0,1.0,1.0
