,accuracy,precision@1,precision@3,precision@5,precision@10,precision@30,MAP
count,30.0,30.0,30.0,30.0,30.0,30.0,30.0
mean,0.9975865354080661,0.9975865354080661,0.9975865354080661,0.9975865354080661,0.9975865354080661,0.998295755266222,0.997667695836533
std,0.0063685007147718615,0.0063685007147718615,0.0063685007147718615,0.0063685007147718615,0.0063685007147718615,0.005288548296676585,0.0061422127997219295
min,0.9787234042553191,0.9787234042553191,0.9787234042553191,0.9787234042553191,0.9787234042553191,0.9787234042553191,0.9794097460535346
25%,1.0,1.0,1.0,1.0,1.0,1.0,1.0
50%,1.0,1.0,1.0,1.0,1.0,1.0,1.0
75%,1.0,1.0,1.0,1.0,1.0,1.0,1.0
max,1.0,1.0,1.0,1.0,1.0,1.0,1.0
