,accuracy,precision@1,precision@3,precision@5,precision@10,precision@30,MAP
count,30.0,30.0,30.0,30.0,30.0,30.0,30.0
mean,0.9907209155379652,0.9910954473731711,0.9914699792083772,0.9914699792083772,0.9914699792083772,0.9942641824163025,0.9915213405831707
std,0.012943712081589892,0.012004646396433479,0.0113622107659855,0.0113622107659855,0.0113622107659855,0.008904867173156682,0.011329808067317312
min,0.9550561797752809,0.9550561797752809,0.9550561797752809,0.9550561797752809,0.9550561797752809,0.9662921348314607,0.9560802114815248
25%,0.9877645502645502,0.9877645502645502,0.9877645502645502,0.9877645502645502,0.9877645502645502,0.989247311827957,0.9882987836823697
50%,1.0,1.0,1.0,1.0,1.0,1.0,1.0
75%,1.0,1.0,1.0,1.0,1.0,1.0,1.0
max,1.0,1.0,1.0,1.0,1.0,1.0,1.0
