,accuracy,precision@1,precision@3,precision@5,precision@10,precision@30,MAP
count,30.0,30.0,30.0,30.0,30.0,30.0,30.0
mean,0.9588951530228396,0.9645143432670782,0.9803879223441261,0.9820463026953169,0.9828752595483701,0.9877378279040685,0.972866613047363
std,0.03132271539584956,0.02575705607586496,0.014083145422812266,0.01337066596688997,0.013248077532318549,0.011362222414342761,0.01801923793299074
min,0.8705882352941177,0.8941176470588236,0.9529411764705882,0.9615384615384616,0.9625,0.9625,0.9250454549289595
25%,0.9403044871794872,0.9516499282639885,0.9746835443037974,0.9749150972522383,0.9749150972522383,0.9777777777777777,0.9632493970853183
50%,0.9629629629629629,0.9656862745098039,0.9777777777777777,0.9777777777777777,0.9777777777777777,0.9875771604938272,0.9714541389209699
75%,0.9784869976359338,0.9854215918045705,0.9884652245345016,0.9971590909090909,1.0,1.0,0.9888871352413019
max,1.0,1.0,1.0,1.0,1.0,1.0,1.0
