,accuracy,precision@1,precision@3,precision@5,precision@10,precision@30,MAP
count,30.0,30.0,30.0,30.0,30.0,30.0,30.0
mean,0.991828823400559,0.9906077629393194,0.9909953598385441,0.9909953598385441,0.9913829567377691,0.9973662624710078,0.9912298733023452
std,0.00881384524300901,0.010005122270706204,0.009174266392928617,0.009174266392928617,0.008241421755333723,0.004865335718139296,0.0089647678212514
min,0.9651162790697675,0.9651162790697675,0.9651162790697675,0.9651162790697675,0.9753086419753086,0.9876543209876543,0.9683496802582608
25%,0.9879518072289156,0.987612951807229,0.987612951807229,0.987612951807229,0.987612951807229,1.0,0.9882836045810729
50%,0.9891863455693244,0.989010989010989,0.989010989010989,0.989010989010989,0.989010989010989,1.0,0.9894286573807851
75%,1.0,1.0,1.0,1.0,1.0,1.0,1.0
max,1.0,1.0,1.0,1.0,1.0,1.0,1.0
