,accuracy,precision@1,precision@3,precision@5,precision@10,precision@30,MAP
count,30.0,30.0,30.0,30.0,30.0,30.0,30.0
mean,0.9887991825794915,0.9880702914299706,0.9888278671875466,0.9892066550663343,0.9895770254367047,0.9926045781551359,0.988758671138686
std,0.011428929980898783,0.01092539285981414,0.01009189853205798,0.009853683139339901,0.01004822366199179,0.0088494544755421,0.010221705824649572
min,0.9659090909090909,0.9659090909090909,0.967741935483871,0.967741935483871,0.967741935483871,0.967741935483871,0.9682650418923472
25%,0.9777697233297088,0.9775280898876404,0.9802725041973395,0.9885057471264368,0.9885057471264368,0.9886363636363636,0.980407196969697
50%,0.989010989010989,0.9888888888888889,0.9888888888888889,0.9888888888888889,0.988949938949939,0.9947916666666667,0.989145180954563
75%,1.0,1.0,1.0,1.0,1.0,1.0,1.0
max,1.0,1.0,1.0,1.0,1.0,1.0,1.0
