,accuracy,precision@1,precision@3,precision@5,precision@10,precision@30,MAP
count,30.0,30.0,30.0,30.0,30.0,30.0,30.0
mean,0.99507337685315,0.99507337685315,0.9954565186156022,0.9958784595438723,0.9963004004721423,0.9979907217810325,0.9954802745322798
std,0.007859818406091198,0.007859818406091198,0.007808614922049988,0.007696198415645825,0.007557785826165432,0.004578136795479011,0.007359220898422811
min,0.9736842105263158,0.9736842105263158,0.9736842105263158,0.9736842105263158,0.9736842105263158,0.9868421052631579,0.9745855867739524
25%,0.9885703215807826,0.9885703215807826,0.9887640449438202,0.9915730337078652,1.0,1.0,0.9895366946380314
50%,1.0,1.0,1.0,1.0,1.0,1.0,1.0
75%,1.0,1.0,1.0,1.0,1.0,1.0,1.0
max,1.0,1.0,1.0,1.0,1.0,1.0,1.0
