,accuracy,precision@1,precision@3,precision@5,precision@10,precision@30,MAP
count,30.0,30.0,30.0,30.0,30.0,30.0,30.0
mean,0.919710219527882,0.939621671822191,0.9764942925223168,0.9815489994195766,0.9828256412025473,0.9875589182907452,0.9585511901642729
std,0.05758075642064709,0.05141262463595424,0.018920607621110308,0.015517064200368283,0.015766474074286847,0.012423542477806434,0.03163772833567865
min,0.7777777777777778,0.7285714285714285,0.9358974358974359,0.95,0.95,0.9571428571428572,0.8353986590430957
25%,0.8992651561543172,0.9233203505355404,0.9626157407407407,0.9744401168451801,0.9748398187216752,0.9841269841269841,0.9464985851425249
50%,0.9342635212888377,0.95,0.9806998556998556,0.984920634920635,0.9863013698630136,0.9874980465697765,0.9624823099300259
75%,0.9504629629629631,0.9690016103059581,0.9885802469135803,0.9972222222222222,1.0,1.0,0.9732794817571878
max,1.0,1.0,1.0,1.0,1.0,1.0,1.0
