,pair,accuracy,precision@1,precision@3,precision@5,precision@10,precision@30,MAP
0,g0-->g1,0.96,0.9733333333333334,0.9733333333333334,0.9733333333333334,0.9733333333333334,0.9733333333333334,0.9739696969696969
1,g1-->g0,0.9333333333333333,0.9466666666666667,0.96,0.96,0.96,0.96,0.9539743868259779
