,accuracy,precision@1,precision@3,precision@5,precision@10,precision@30,MAP
count,2.0,2.0,2.0,2.0,2.0,2.0,2.0
mean,0.9466666666666667,0.96,0.9666666666666667,0.9666666666666667,0.9666666666666667,0.9666666666666667,0.9639720418978375
std,0.018856180831641232,0.01885618083164131,0.009428090415820694,0.009428090415820694,0.009428090415820694,0.009428090415820694,0.014138819394551883
min,0.9333333333333333,0.9466666666666667,0.96,0.96,0.96,0.96,0.9539743868259779
25%,0.94,0.9533333333333334,0.9633333333333334,0.9633333333333334,0.9633333333333334,0.9633333333333334,0.9589732143619076
50%,0.9466666666666667,0.96,0.9666666666666667,0.9666666666666667,0.9666666666666667,0.9666666666666667,0.9639720418978375
75%,0.9533333333333334,0.9666666666666667,0.97,0.97,0.97,0.97,0.9689708694337672
max,0.96,0.9733333333333334,0.9733333333333334,0.9733333333333334,0.9733333333333334,0.9733333333333334,0.9739696969696969
