,accuracy,precision@1,precision@3,precision@5,precision@10,precision@30,MAP
count,30.0,30.0,30.0,30.0,30.0,30.0,30.0
mean,0.9773876593423539,0.9773962692696002,0.9781329400062708,0.9781329400062708,0.979273755366381,0.9803767264693521,0.9782259201498427
std,0.016293333243633447,0.01573053826645772,0.01546116656715323,0.01546116656715323,0.015511861049049204,0.015498405656194049,0.015283800918896483
min,0.95,0.95,0.95,0.95,0.95,0.95,0.9507659558378705
25%,0.9628982976865998,0.9628982976865998,0.9658045977011495,0.9658045977011495,0.9663857677902622,0.9666666666666667,0.9635131381547654
50%,0.978021978021978,0.978021978021978,0.9824320416425679,0.9824320416425679,0.9868421052631579,0.9870919387075283,0.982084826345262
75%,0.9876157407407407,0.9876157407407407,0.9876543209876543,0.9876543209876543,0.9884866139547788,0.9887640449438202,0.9877871352848707
max,1.0,1.0,1.0,1.0,1.0,1.0,1.0
