,accuracy,precision@1,precision@3,precision@5,precision@10,precision@30,MAP
count,30.0,30.0,30.0,30.0,30.0,30.0,30.0
mean,0.9948472585695113,0.9944727267343053,0.9944727267343053,0.9944727267343053,0.9944727267343053,0.997217969296621,0.9947052591936415
std,0.008621811269587712,0.008634293650366736,0.008634293650366736,0.008634293650366736,0.008634293650366736,0.005139639359175788,0.00824877499218738
min,0.975,0.975,0.975,0.975,0.975,0.9875,0.9762609649122806
25%,0.9880446697725405,0.9880446697725405,0.9880446697725405,0.9880446697725405,0.9880446697725405,1.0,0.9888428775709537
50%,1.0,1.0,1.0,1.0,1.0,1.0,1.0
75%,1.0,1.0,1.0,1.0,1.0,1.0,1.0
max,1.0,1.0,1.0,1.0,1.0,1.0,1.0
