,accuracy,precision@1,precision@3,precision@5,precision@10,precision@30,MAP
count,30.0,30.0,30.0,30.0,30.0,30.0,30.0
mean,0.8970946026695952,0.9044761340643471,0.9338382331826265,0.940081676054783,0.9486333415754912,0.987609874482408,0.9233281890283294
std,0.06744842445180178,0.054900325644975316,0.039071210230670596,0.03926946854002721,0.03295223292724773,0.014438226716618116,0.04315769006642142
min,0.75,0.7857142857142857,0.8571428571428571,0.8571428571428571,0.8809523809523809,0.9534883720930233,0.8326660209538359
25%,0.8502659574468084,0.8549645390070922,0.9111111111111111,0.9120567375886525,0.9318181818181818,0.9764610389610389,0.887695232575257
50%,0.9101010101010101,0.9240384615384616,0.9417502787068004,0.9493589743589743,0.9493589743589743,1.0,0.9378963744588745
75%,0.9509146341463415,0.9496794871794871,0.9698996655518395,0.9748397435897436,0.975609756097561,1.0,0.9548364893639284
max,1.0,0.9772727272727273,1.0,1.0,1.0,1.0,0.98125
