,accuracy,precision@1,precision@3,precision@5,precision@10,precision@30,MAP
count,30.0,30.0,30.0,30.0,30.0,30.0,30.0
mean,0.9901479760905352,0.9905646427572018,0.9905646427572018,0.9905646427572018,0.9909813094238685,0.9954492571295531,0.9909304649676681
std,0.011632557330697752,0.011290089605811628,0.011290089605811628,0.011290089605811628,0.011403180399748492,0.008167737331434898,0.010888019431853836
min,0.9692307692307692,0.9692307692307692,0.9692307692307692,0.9692307692307692,0.9692307692307692,0.9692307692307692,0.9699002849002849
25%,0.9836726599682707,0.9838709677419355,0.9838709677419355,0.9838709677419355,0.9838709677419355,0.9906250000000001,0.9843284739454095
50%,1.0,1.0,1.0,1.0,1.0,1.0,1.0
75%,1.0,1.0,1.0,1.0,1.0,1.0,1.0
max,1.0,1.0,1.0,1.0,1.0,1.0,1.0
