,accuracy,precision@1,precision@3,precision@5,precision@10,precision@30,MAP
count,30.0,30.0,30.0,30.0,30.0,30.0,30.0
mean,0.9975768264884745,0.9975768264884745,0.9975768264884745,0.9975768264884745,0.9975768264884745,0.9988117755468257,0.9976899289079494
std,0.004933999096882827,0.004933999096882827,0.004933999096882827,0.004933999096882827,0.004933999096882827,0.003629905052257065,0.0047022038355489576
min,0.9873417721518988,0.9873417721518988,0.9873417721518988,0.9873417721518988,0.9873417721518988,0.9873417721518988,0.9877373417721519
25%,1.0,1.0,1.0,1.0,1.0,1.0,1.0
50%,1.0,1.0,1.0,1.0,1.0,1.0,1.0
75%,1.0,1.0,1.0,1.0,1.0,1.0,1.0
max,1.0,1.0,1.0,1.0,1.0,1.0,1.0
