,accuracy,precision@1,precision@3,precision@5,precision@10,precision@30,MAP
count,30.0,30.0,30.0,30.0,30.0,30.0,30.0
mean,0.996766607877719,0.996766607877719,0.996766607877719,0.996766607877719,0.996766607877719,0.9987789987789988,0.9969045510452079
std,0.005465459710625668,0.005465459710625668,0.005465459710625668,0.005465459710625668,0.005465459710625668,0.0037359582670815497,0.0052341329476005395
min,0.9871794871794872,0.9871794871794872,0.9871794871794872,0.9871794871794872,0.9871794871794872,0.9871794871794872,0.9873896595208072
25%,0.9917582417582418,0.9917582417582418,0.9917582417582418,0.9917582417582418,0.9917582417582418,1.0,0.9921507064364208
50%,1.0,1.0,1.0,1.0,1.0,1.0,1.0
75%,1.0,1.0,1.0,1.0,1.0,1.0,1.0
max,1.0,1.0,1.0,1.0,1.0,1.0,1.0
