,accuracy,precision@1,precision@3,precision@5,precision@10,precision@30,MAP
count,30.0,30.0,30.0,30.0,30.0,30.0,30.0
mean,0.9107885112035482,0.9285126113522302,0.9631376548097228,0.9645563379653453,0.9663773920544406,0.9788161292626969,0.9465733153981315
std,0.033364401633293544,0.026213916738756324,0.017586793978519984,0.01708735644221162,0.015295223041567246,0.014840149670728582,0.01857190559641841
min,0.8526315789473684,0.865979381443299,0.9222222222222223,0.9222222222222223,0.9368421052631579,0.9479166666666666,0.915860627586178
25%,0.8854166666666666,0.91511758118701,0.9504111842105263,0.9504111842105263,0.9504111842105263,0.968421052631579,0.9328604923626063
50%,0.907177033492823,0.927075420510038,0.967741935483871,0.967741935483871,0.9679135209334249,0.9789450354609929,0.9488068116318283
75%,0.9429347826086957,0.9470854555744199,0.9696969696969697,0.9764667956157318,0.9787234042553191,0.9893617021276596,0.9578111690599278
max,0.967741935483871,0.9782608695652174,0.9891304347826086,0.9891304347826086,0.9891304347826086,1.0,0.9841897233201581
