,precision@1,precision@3,precision@5,precision@10,precision@30,MAP
count,90.0,90.0,90.0,90.0,90.0,90.0
mean,0.7596971082381826,0.8334461130625022,0.8815399929780124,0.930727814533853,0.9661781143616578,0.8109829076449976
std,0.1703207046139475,0.13425618456232302,0.10837016443889047,0.07240794313599877,0.03941694507501994,0.13824286457456733
min,0.42924528301886794,0.5,0.5087719298245614,0.5087719298245614,0.6842105263157895,0.5030852977803402
25%,0.6068672665916761,0.7485236220472441,0.8275028687039497,0.9003084474493401,0.9564518633540373,0.7000632018919577
50%,0.7868392465041025,0.8672813924575218,0.9188886900501074,0.9500621632822213,0.974727719444071,0.8395332706904501
75%,0.9113958253585823,0.9498793095595937,0.9609281761961592,0.975828544701323,0.9872204037097654,0.9377368978377578
max,1.0,1.0,1.0,1.0,1.0,1.0
