,accuracy,precision@1,precision@3,precision@5,precision@10,precision@30,MAP
count,30.0,30.0,30.0,30.0,30.0,30.0,30.0
mean,0.9536874808891008,0.954874004905475,0.9661786280296302,0.966595294696297,0.9677083618544203,0.9771458006038266,0.9614486940226464
std,0.035537767779095494,0.042196999537338624,0.0279194667617162,0.027174073641175345,0.02670746831301684,0.019941243848487313,0.03314320165784165
min,0.8375,0.825,0.9125,0.9148936170212766,0.9148936170212766,0.9222222222222223,0.8735350978108972
25%,0.9284869976359338,0.9354651162790697,0.9426590851009455,0.9426590851009455,0.9426590851009455,0.9698909902810612,0.9386995656749322
50%,0.9601307189542484,0.9647058823529412,0.975609756097561,0.975609756097561,0.975609756097561,0.9773830820342448,0.9699579133432175
75%,0.9769304490690033,0.9875761837787154,0.9876543209876543,0.9876543209876543,0.9876543209876543,0.9886546184738956,0.9879510641971085
max,1.0,1.0,1.0,1.0,1.0,1.0,1.0
