,accuracy,precision@1,precision@3,precision@5,precision@10,precision@30,MAP
count,30.0,30.0,30.0,30.0,30.0,30.0,30.0
mean,0.9106535085066333,0.9398370432232908,0.9747219665321423,0.9783930683981474,0.9788496894027136,0.9845015874044889,0.9575547544659949
std,0.042339267601148894,0.035487257352614286,0.024354663888211076,0.022280057115916706,0.022585997024782024,0.017890908647168354,0.026350316210607256
min,0.8356164383561644,0.8767123287671232,0.9204545454545454,0.9318181818181818,0.9318181818181818,0.9431818181818182,0.9117153154077706
25%,0.8719758064516129,0.9103128054740958,0.9689571365444101,0.9691397849462366,0.9691397849462366,0.9758736559139785,0.9367017048738705
50%,0.9146341463414634,0.9457210192959199,0.9857977437550363,0.98639392817475,0.9864864864864865,0.9878048780487805,0.9615649434006301
75%,0.9338039621525724,0.9626925545571245,0.9878048780487805,0.9969512195121951,1.0,1.0,0.9780701754385965
max,0.9857142857142858,1.0,1.0,1.0,1.0,1.0,1.0
