,accuracy,precision@1,precision@3,precision@5,precision@10,precision@30,MAP
count,30.0,30.0,30.0,30.0,30.0,30.0,30.0
mean,0.8663362410933897,0.898677782782496,0.9637325396253453,0.9701636976532547,0.9741632189016097,0.9805500267497378,0.9317886228688277
std,0.04599986399492733,0.03763079191926223,0.021229508845937075,0.02105568025384805,0.019856908737178,0.01648552181580698,0.027206840831113677
min,0.7126436781609196,0.8045977011494253,0.9325842696629213,0.9333333333333333,0.9425287356321839,0.9540229885057471,0.8594931990773395
25%,0.8417717182789806,0.874273537388609,0.946445529778863,0.9514687100893998,0.9551810237203496,0.9637952559300874,0.9148442990000379
50%,0.8703703703703703,0.9018367961457392,0.9622626582278482,0.9625,0.9758530942741469,0.978021978021978,0.9360741173636493
75%,0.895960745270943,0.9191845354126056,0.9873012009087959,0.98768910157456,0.98768910157456,1.0,0.9431462974614837
max,0.9390243902439024,0.9634146341463414,1.0,1.0,1.0,1.0,0.9796747967479674
