,accuracy,precision@1,precision@3,precision@5,precision@10,precision@30,MAP
count,30.0,30.0,30.0,30.0,30.0,30.0,30.0
mean,0.9745183266820681,0.9767844085534132,0.9802748481732123,0.9807192926176567,0.981981121432117,0.9881730376667707,0.9793324691616129
std,0.018203453939789904,0.016107120501841224,0.014168195978753628,0.01371204451087496,0.013998398182385317,0.010756491283799375,0.014159055343423198
min,0.9444444444444444,0.9466666666666667,0.948051948051948,0.948051948051948,0.948051948051948,0.961038961038961,0.9495907088383578
25%,0.9610714285714286,0.9662698412698413,0.9733333333333334,0.9733333333333334,0.973421052631579,0.9866666666666667,0.9694262394298434
50%,0.975609756097561,0.97716658017644,0.9824172576832151,0.9824172576832151,0.9867543859649123,0.9878048780487805,0.9794652865596809
75%,0.9879150749338819,0.9879150749338819,0.9879150749338819,0.9879150749338819,0.9879150749338819,1.0,0.9886976040048696
max,1.0,1.0,1.0,1.0,1.0,1.0,1.0
