,accuracy,precision@1,precision@3,precision@5,precision@10,precision@30,MAP
count,30.0,30.0,30.0,30.0,30.0,30.0,30.0
mean,0.9103216419076036,0.9341580275641114,0.9669843706898763,0.9694862079998781,0.9725698911309996,0.983310072743572,0.9516064640672359
std,0.045464016961524176,0.034785243658109845,0.02567573781800757,0.024855283283661087,0.02167221765929179,0.016487898516452944,0.027638155262810837
min,0.7794117647058824,0.8235294117647058,0.8970588235294118,0.8970588235294118,0.9117647058823529,0.9411764705882353,0.8658150170954431
25%,0.8960007654037505,0.9233682983682984,0.9545454545454546,0.9559090909090909,0.9628388554216868,0.9745192307692307,0.9426987730816598
50%,0.9192708333333333,0.936491935483871,0.968407960199005,0.9701492537313433,0.9717412935323384,0.9846117424242424,0.9503562091503268
75%,0.9373102610807529,0.9598268072289157,0.984375,0.9875356125356125,0.9875356125356125,1.0,0.9696542580578725
max,0.9836065573770492,1.0,1.0,1.0,1.0,1.0,1.0
